index,monthly_real,monthly_imag,monthly_modulus,annual_real,annual_imag,annual_modulus,annual_phase_radians_principal,annual_stability
0,0.8244007164496567,0.0,0.8244007164496567,0.0985508391035346,0.0,0.0985508391035346,0.0,decay
1,0.6810378012062731,0.0,0.6810378012062731,0.009955306116368707,0.0,0.009955306116368707,0.0,decay
2,0.5485745788922983,0.0,0.5485745788922983,0.0007427251682211518,0.0,0.0007427251682211518,0.0,decay
3,0.4864827173743593,0.0,0.4864827173743593,0.00017571506410987407,0.0,0.00017571506410987407,0.0,decay
4,0.3827463697377641,0.0,0.3827463697377641,9.884005137464766e-06,0.0,9.884005137464766e-06,0.0,decay
7,0.3599070490963261,0.04171037585909863,0.3623159387103092,9.47704496960816e-07,5.028879410244175e-06,5.117398942464576e-06,1.3845284616715527,decay
8,0.3599070490963261,-0.04171037585909863,0.3623159387103092,9.47704496960816e-07,-5.028879410244175e-06,5.117398942464576e-06,-1.3845284616715527,decay
5,0.31149883612462026,0.14633664974566846,0.3441597593644258,1.4616439749201153e-06,-2.342784075387784e-06,2.7613475574999372e-06,-1.0129942544668216,decay
6,0.31149883612462026,-0.14633664974566846,0.3441597593644258,1.4616439749201153e-06,2.342784075387784e-06,2.7613475574999372e-06,1.0129942544668216,decay
10,0.3262000892690635,0.015527021836359376,0.32656942086829227,1.238094957919023e-06,7.949175998275889e-07,1.4713167963902818e-06,0.5707654258499515,decay
11,0.3262000892690635,-0.015527021836359376,0.32656942086829227,1.238094957919023e-06,-7.949175998275889e-07,1.4713167963902818e-06,-0.5707654258499515,decay
14,0.2831406360460529,0.03270750854210114,0.28502350937351645,5.448901529635301e-08,2.822422516071906e-07,2.874538943557086e-07,1.3800849638409198,decay
15,0.2831406360460529,-0.03270750854210114,0.28502350937351645,5.448901529635301e-08,-2.822422516071906e-07,2.874538943557086e-07,-1.3800849638409198,decay
16,0.17507373172119223,0.17532603819374382,0.2477701176645362,-5.352675460695864e-08,-4.625167564023669e-10,5.3528752839044556e-08,-3.1329520167877365,decay
17,0.17507373172119223,-0.17532603819374382,0.2477701176645362,-5.352675460695864e-08,4.625167564023669e-10,5.3528752839044556e-08,3.1329520167877365,decay
30,0.23885534513080528,0.032434091086652954,0.24104739401655725,-1.8760541739926876e-09,3.8433727872394385e-08,3.847948826885592e-08,1.6195703175575564,decay
31,0.23885534513080528,-0.032434091086652954,0.24104739401655725,-1.8760541739926876e-09,-3.8433727872394385e-08,3.847948826885592e-08,-1.6195703175575564,decay
32,0.20579772376160005,0.0811783069750001,0.22122979145852664,-2.781278567990645e-09,-1.3459973076404844e-08,1.3744321943635756e-08,-1.774561841533441,decay
33,0.20579772376160005,-0.0811783069750001,0.22122979145852664,-2.781278567990645e-09,1.3459973076404844e-08,1.3744321943635756e-08,1.774561841533441,decay
20,0.08757821326057,0.19737947773028316,0.2159365686191045,3.026484144466724e-09,9.822447181131114e-09,1.027813576981833e-08,1.271907509457284,decay
21,0.08757821326057,-0.19737947773028316,0.2159365686191045,3.026484144466724e-09,-9.822447181131114e-09,1.027813576981833e-08,-1.271907509457284,decay
12,-0.058452582928623084,0.19087012985777232,0.19961991614803978,-3.648228531220847e-09,-1.64891706432438e-09,4.003560777736982e-09,-2.717095487726671,decay
13,-0.058452582928623084,-0.19087012985777232,0.19961991614803978,-3.648228531220847e-09,1.64891706432438e-09,4.003560777736982e-09,2.717095487726671,decay
36,0.1906945922897017,0.038155378030566345,0.19447431810187943,-2.097186085889671e-09,2.0411163552805917e-09,2.9264902963521277e-09,2.3697426299892825,decay
37,0.1906945922897017,-0.038155378030566345,0.19447431810187943,-2.097186085889671e-09,-2.0411163552805917e-09,2.9264902963521277e-09,-2.3697426299892825,decay
9,-0.18583047084886373,0.0,0.18583047084886373,1.6959112749190066e-09,0.0,1.6959112749190066e-09,0.0,decay
28,0.05102911217470915,0.17642328559660092,0.18365496451236724,-1.431224220493978e-09,3.458634288218376e-10,1.4724212307369766e-09,2.9044827773707698,decay
29,0.05102911217470915,-0.17642328559660092,0.18365496451236724,-1.431224220493978e-09,-3.458634288218376e-10,1.4724212307369766e-09,-2.9044827773707698,decay
42,0.14676876567262115,0.08509652467936582,0.16965402762554943,5.68413987564184e-10,1.252068536186161e-11,5.685518699472784e-10,0.022023843862738573,decay
43,0.14676876567262115,-0.08509652467936582,0.16965402762554943,5.68413987564184e-10,-1.252068536186161e-11,5.685518699472784e-10,-0.022023843862738573,decay
40,0.11581696373226015,0.11327326961443449,0.16200124288814585,-3.238574823654725e-10,4.34066416698355e-11,3.26753432155128e-10,3.0083566153482746,decay
41,0.11581696373226015,-0.11327326961443449,0.16200124288814585,-3.238574823654725e-10,-4.34066416698355e-11,3.26753432155128e-10,-3.0083566153482746,decay
18,-0.10579106884423288,0.11606702540388784,0.1570455495495239,-1.9123339818406723e-10,1.1867585173665615e-10,2.2506481370140204e-10,2.5861772146176647,decay
19,-0.10579106884423288,-0.11606702540388784,0.1570455495495239,-1.9123339818406723e-10,-1.1867585173665615e-10,2.2506481370140204e-10,-2.5861772146176647,decay
22,-0.04458121964345915,0.14884130454235958,0.15537444797253433,-1.8590630544260433e-10,-6.79925727501474e-11,1.9794985312574237e-10,-2.7909687430618053,decay
23,-0.04458121964345915,-0.14884130454235958,0.15537444797253433,-1.8590630544260433e-10,6.79925727501474e-11,1.9794985312574237e-10,2.7909687430618053,decay
50,0.1389991169762489,0.04903083049614046,0.147393272774975,-6.303684912451541e-11,-8.413644510968962e-11,1.051312786150855e-10,-2.2137991274817868,decay
51,0.1389991169762489,-0.04903083049614046,0.147393272774975,-6.303684912451541e-11,8.413644510968962e-11,1.051312786150855e-10,2.2137991274817868,decay
38,0.055387702488495165,0.12521772143732415,0.13692068999573936,1.2210735038656612e-11,4.1661324259154914e-11,4.341391469576e-11,1.2856861680793967,decay
39,0.055387702488495165,-0.12521772143732415,0.13692068999573936,1.2210735038656612e-11,-4.1661324259154914e-11,4.341391469576e-11,-1.2856861680793967,decay
34,0.01993997809665721,0.13177099920401097,0.13327114825692254,-7.199889188727933e-12,-3.055627473158641e-11,3.1393061809930986e-11,-1.8022025713936658,decay
35,0.01993997809665721,-0.13177099920401097,0.13327114825692254,-7.199889188727933e-12,3.055627473158641e-11,3.1393061809930986e-11,1.8022025713936658,decay
52,0.1098962467535937,0.05077712021791518,0.12105990660888255,4.588888163366588e-12,-8.781726182685608e-12,9.908411039291412e-12,-1.0892721438129802,decay
53,0.1098962467535937,-0.05077712021791518,0.12105990660888255,4.588888163366588e-12,8.781726182685608e-12,9.908411039291412e-12,1.0892721438129802,decay
24,-0.0976823573468657,0.06909706223986511,0.11965052004492317,3.869603574363089e-12,-7.690818404773816e-12,8.609443626502891e-12,-1.1046351840641573,decay
25,-0.0976823573468657,-0.06909706223986511,0.11965052004492317,3.869603574363089e-12,7.690818404773816e-12,8.609443626502891e-12,1.1046351840641573,decay
26,-0.10602255716028305,0.02691359396184688,0.10938521000002079,-2.897542765018173e-12,-4.629391575472243e-13,2.934291522446209e-12,-2.9831620790856896,decay
27,-0.10602255716028305,-0.02691359396184688,0.10938521000002079,-2.897542765018173e-12,4.629391575472243e-13,2.934291522446209e-12,2.9831620790856896,decay
56,0.08728952114932276,0.0498010579586257,0.10049679535326717,1.0592595411606068e-12,-6.53200902312937e-14,1.0612716380491867e-12,-0.06158781597055802,decay
57,0.08728952114932276,-0.0498010579586257,0.10049679535326717,1.0592595411606068e-12,6.53200902312937e-14,1.0612716380491867e-12,0.06158781597055802,decay
44,-0.03362116430796188,0.08046268928700666,0.08720451282313517,7.188586101564587e-15,-1.9327128110183458e-13,1.9340492203892838e-13,-1.5336191844996274,decay
45,-0.03362116430796188,-0.08046268928700666,0.08720451282313517,7.188586101564587e-15,1.9327128110183458e-13,1.9340492203892838e-13,1.5336191844996274,decay
54,0.04619679465349055,0.06750245229439948,0.08179685141870958,5.4437946942945626e-14,-7.130446532430885e-14,8.970962513882513e-14,-0.9187377446176526,decay
55,0.04619679465349055,-0.06750245229439948,0.08179685141870958,5.4437946942945626e-14,7.130446532430885e-14,8.970962513882513e-14,0.9187377446176526,decay
58,0.0560025791480529,0.04592128469198873,0.07242273993019463,-7.872009049771667e-15,1.9275403582820353e-14,2.0820895988412475e-14,1.9585201187705095,decay
59,0.0560025791480529,-0.04592128469198873,0.07242273993019463,-7.872009049771667e-15,-1.9275403582820353e-14,2.0820895988412475e-14,-1.9585201187705095,decay
46,-0.04901739799699949,0.05027615680799691,0.0702167875210661,-1.4198656095914904e-14,2.1766806476200575e-15,1.436453179090029e-14,2.9894750598639566,decay
47,-0.04901739799699949,-0.05027615680799691,0.0702167875210661,-1.4198656095914904e-14,-2.1766806476200575e-15,1.436453179090029e-14,-2.9894750598639566,decay
60,0.0631137463935131,0.0,0.0631137463935131,3.994730861472508e-15,0.0,3.994730861472508e-15,0.0,decay
48,-0.04495151921160006,0.017901818359411223,0.04838506153767092,-2.6954072829756045e-17,1.624187010412943e-16,1.6464008166316344e-16,1.735251756752227,decay
49,-0.04495151921160006,-0.017901818359411223,0.04838506153767092,-2.6954072829756045e-17,-1.624187010412943e-16,1.6464008166316344e-16,-1.735251756752227,decay
63,0.027245001200668112,0.0,0.027245001200668112,1.6727921298646699e-19,0.0,1.6727921298646699e-19,0.0,decay
61,-0.002925906688711377,0.0032238053763703985,0.004353602078252061,-3.8760771748464573e-29,2.544133482454643e-29,4.636441463225054e-29,2.5607537424786395,decay
62,-0.002925906688711377,-0.0032238053763703985,0.004353602078252061,-3.8760771748464573e-29,-2.544133482454643e-29,4.636441463225054e-29,-2.5607537424786395,decay
